{
  "camera": {
    "type": "perspective",
    "focal_length": 3,
    "eye": [0,0,5],
    "up": [0,1,0],
    "look": [0,0,-1],
    "height": 1,
    "width": 1.7777777778
  },
  "materials": [
    {
      "name": "red",
      "ka": [1, 0.1, 0.1],
      "kd": [1.0, 0.1, 0.1],
      "ks": [0.8,0.8,0.8],
      "km": [0.05,0.05,0.05],
      "phong_exponent": 1000
    },
    {
      "name": "not red",
      "ka": [0.1, 0.1, 0.8],
      "kd": [0.1, 0.1, 0.8],
      "ks": [0.1,0.1,0.1],
      "km": [0.3,0.3,0.3],
      "phong_exponent": 20
    }
  ],
  "lights":[
    {
      "type": "directional",
      "direction": [0,1,0],
      "color": [0.8,0.8,0.8]
    },
    {
      "type": "directional",
      "direction": [0,0,-1],
      "color": [0.8,0.8,0.8]
    }
  ],
  "objects": [
    {
      "type": "plane",
      "material": "not red",
      "point": [0,-0.5,0],
      "normal": [0,1,0]
    },
    {
      "type": "sphere",
      "material": "red",
      "center": [0.5,0.5,0],
      "radius": 0.5
    }
  ]
}
